Workbook

Sheet Petunjuk
A1: Rubrik Penilaian Proposal PBL - Kelas TI_3C
A2: Semester 5 - Checkpoint Proposal (Minggu 3)
A5: Latar belakang
A6: Rapat koordinasi PBL tanggal 4 September 2026 mewajibkan setiap mata kuliah terintegrasi PBL menyusun rubrik penilaian per checkpoint sendiri, dengan rubrik Proposal jatuh tempo pada Minggu 3. Hingga saat ini rubrik khusus per mata kuliah belum diserahkan, sehingga rubrik umum ini digunakan sebagai standar sementara yang berlaku sama untuk seluruh kelas.
A8: Setiap dosen menilai di sheet sendiri
A9: Kelas TI_3C diampu oleh 3 mata kuliah terintegrasi PBL: Pemrograman Mobile, Pembelajaran Mesin, Penjaminan Mutu Perangkat Lunak. Setiap mata kuliah punya sheet penilaian sendiri (nama sheet = nama mata kuliah), sehingga setiap dosen pengampu dapat mengisi nilai secara independen dalam satu berkas yang sama tanpa saling menimpa isian dosen lain.
A11: Skala penilaian
A12: Setiap kriteria dinilai pada skala 1-5 (1 = sangat kurang, 5 = sangat baik) melalui dropdown pada sel yang berwarna kuning. Deskriptor lengkap setiap level ada di sheet "Rubrik".
A14: PENTING - penilaian hanya level kelompok
A15: Seluruh penilaian pada workbook ini berada di level TIM/KELOMPOK. Tidak ada penilaian individu pada tahap proposal, karena pada fase ini belum ada produk kerja individu yang bisa dinilai terpisah dari dokumen tim. Penilaian kontribusi individu mahasiswa sepenuhnya menjadi kewenangan dosen pengampu masing-masing mata kuliah pada checkpoint berikutnya (Milestone 1, Milestone 2, dan Final), menggunakan mekanisme yang mereka tentukan sendiri.
A17: Kolom Anggota Tim
A18: Formulir pengumpulan proposal tidak mengumpulkan daftar anggota tim secara terstruktur, hanya nama tim dan nama ketua tim. Kolom "Anggota Tim" sudah diisi awal dengan nama ketua dan berwarna kuning (bisa diedit) -- mohon lengkapi dengan anggota lain saat memeriksa proposal, mengacu pada bagian Identitas Tim di dokumen proposal masing-masing.
... A38: Biru -> sel komputasi (jangan diedit manual)

Sheet Rubrik
A1: Rubrik Penilaian Proposal (Umum, Berlaku Semua Kelas)
A3: No | B3: Kriteria | C3: Bobot (%) | D3: Level 1 | E3: Level 2 | F3: Level 3 | G3: Level 4 | H3: Level 5
A4: 1 | B4: Latar Belakang dan Rumusan Masalah | C4: 20 | D4: Tidak ada latar belakang yang jelas; masalah tidak diuraikan atau tidak berdasar pada kondisi nyata. | E4: Latar belakang disampaikan secara umum tanpa data/observasi pendukung; rumusan masalah kabur dan tidak spesifik. | F4: Latar belakang cukup relevan namun bukti pendukung (wawancara, data, observasi) masih terbatas; rumusan masalah ada namun kurang tajam. | G4: Latar belakang didukung bukti yang memadai dan relevan dengan calon pengguna/mitra; rumusan masalah spesifik dan menjadi dasar solusi yang diusulkan. | H4: Latar belakang digali mendalam dengan bukti kuat dan beragam (wawancara, data kuantitatif, observasi langsung); rumusan masalah tajam, terukur, dan meyakinkan sebagai dasar seluruh proposal.
A5: 2 | B5: Deskripsi Produk dan Solusi | C5: 20 | D5: Produk/solusi tidak dijelaskan, atau tidak berkaitan dengan masalah yang diangkat. | E5: Produk/solusi disebutkan secara umum tanpa penjelasan fitur atau cara kerja; keterkaitan dengan masalah lemah. | F5: Produk/solusi dan fitur utamanya dijelaskan, keterkaitan dengan masalah cukup jelas, namun nilai tambah dibanding pendekatan lain belum terlihat. | G5: Produk/solusi dijelaskan lengkap (fitur, cara kerja, pengguna sasaran) dan keterkaitannya dengan masalah kuat; nilai tambah solusi tergambar jelas. | H5: Produk/solusi dijelaskan lengkap dan meyakinkan, disertai alasan mengapa pendekatan ini paling sesuai dibanding alternatif lain, serta batasan solusi disampaikan secara jujur.
A6: 3 | B6: Rancangan Teknis Awal (ERD dan Wireframe) | C6: 20 | D6: Tidak ada rancangan teknis; ERD dan wireframe tidak dilampirkan. | E6: ERD atau wireframe dilampirkan namun sangat sederhana, tidak konsisten dengan deskripsi produk, atau salah satunya tidak ada. | F6: ERD dan wireframe tersedia dan konsisten dengan deskripsi produk, namun detail entitas/atribut atau alur antarmuka masih minim. | G6: ERD dan wireframe tersedia lengkap, konsisten dengan deskripsi produk, entitas/atribut/alur digambarkan dengan jelas. | H6: ERD dan wireframe tersedia lengkap, rapi, dan konsisten; relasi antarentitas serta alur antarmuka menunjukkan pemahaman teknis yang matang terhadap kebutuhan produk.
A7: 4 | B7: Tujuan dan Ruang Lingkup Proyek | C7: 15 | D7: Tujuan proyek tidak dirumuskan, atau ruang lingkup tidak disebutkan. | E7: Tujuan dirumuskan secara umum dan sulit diukur; batas ruang lingkup (yang dikerjakan/tidak dikerjakan) tidak jelas. | F7: Tujuan cukup jelas namun sebagian belum terukur; ruang lingkup disebutkan namun batasannya belum tegas. | G7: Tujuan dirumuskan jelas dan terukur, selaras dengan masalah dan solusi; ruang lingkup ditegaskan dengan batasan yang realistis. | H7: Tujuan dirumuskan jelas, terukur, dan selaras penuh dengan masalah/solusi; ruang lingkup ditegaskan dengan batasan realistis yang mempertimbangkan keterbatasan waktu/sumber daya tim.
A8: 5 | B8: Rencana Kerja dan Organisasi Tim (WBS, Jadwal, Pembagian Peran) | C8: 15 | D8: Tidak ada rencana kerja; WBS, jadwal, dan pembagian peran tidak dilampirkan. | E8: Rencana kerja disebutkan secara umum; WBS/jadwal/pembagian peran ada namun tidak rinci atau tidak realistis. | F8: WBS, jadwal, dan pembagian peran tersedia dan cukup jelas, namun keterkaitan antar-anggota tim dengan modul kerja belum tegas. | G8: WBS, jadwal, dan pembagian peran tersedia rinci dan realistis; setiap anggota tim memiliki tanggung jawab modul yang jelas. | H8: WBS, jadwal, dan pembagian peran tersedia rinci, realistis, dan saling konsisten; beban kerja antaranggota tim tergambar seimbang dan risiko keterlambatan diantisipasi.
A9: 6 | B9: Kelengkapan dan Kualitas Dokumen (Lampiran, Kerapian, Konsistensi Antar-bagian) | C9: 10 | D9: Dokumen tidak lengkap (bagian wajib hilang), format tidak rapi, dan/atau isi antar-bagian saling bertentangan. | E9: Dokumen memuat sebagian besar bagian wajib namun ada yang hilang/kurang lengkap; format dan konsistensi antar-bagian masih lemah. | F9: Dokumen lengkap secara struktur, format cukup rapi, namun ditemukan beberapa inkonsistensi kecil antar-bagian. | G9: Dokumen lengkap, rapi, dan konsisten antar-bagian, dengan lampiran pendukung yang relevan. | H9: Dokumen lengkap, rapi, dan konsisten penuh antar-bagian; lampiran pendukung relevan dan memperkuat argumen proposal secara keseluruhan.
B10: Total Bobot | C10: =SUM(C4:C9)

Sheet Pemrograman Mobile
A1: Penilaian Proposal - Pemrograman Mobile
A2: Kelas TI_3C - Dosen Pengampu: Luqman Affandi, SKom, MMSI - Semester 5
A4: Penilaian Proposal per Tim (Nilai Kelompok)
A5: No | B5: Nama Tim | C5: Nama Ketua Tim | D5: Anggota Tim | E5: Judul Produk | F5: Latar Belakang dan Rumusan Masalah (20%) | G5: Deskripsi Produk dan Solusi (20%) | H5: Rancangan Teknis Awal (ERD dan Wireframe) (20%) | I5: Tujuan dan Ruang Lingkup Proyek (15%) | J5: Rencana Kerja dan Organisasi Tim (WBS, Jadwal, Pembagian Peran) (15%) | K5: Kelengkapan dan Kualitas Dokumen (Lampiran, Kerapian, Konsistensi Antar-bagian) (10%) | L5: Nilai Akhir | M5: Revisi | N5: Berkas Proposal
C6: Bobot -> | F6: 20 | G6: 20 | H6: 20 | I6: 15 | J6: 15 | K6: 10
A7: 1 | B7: Banana Grade | C7: Rachmad Aprisandhy | D7: Rachmad Aprisandhy (244107020148) Zacky Rio Orlando (244107020086) Hafiz Rizqi Hernanda (244107020154) Regita Abelia Putri Satriyo (244107020173) | E7: Deteksi Grading Buah Pisang Menggunakan Convulational Neural Network (Cnn)Berbasis Mobile | L7: =IF(COUNT(F7:K7)<6,"",SUMPRODUCT(F7:K7,$F$6:$K$6)/SUM($F$6:$K$6)/5*100) | N7: Buka tautan Drive
A8: 2 | B8: PBL Meat Freshness | C8: Nawaf Azril Annaufal | D8: Adellia Salsa Al Barra (244107020222) Bima Adiwijaya (244107020022) Nawaf Azril Annaufal (244107020047) Rafi Abyantara Pratama (244107020126) | E8: Meat Fresh AI | L8: =IF(COUNT(F8:K8)<6,"",SUMPRODUCT(F8:K8,$F$6:$K$6)/SUM($F$6:$K$6)/5*100) | N8: Buka tautan Drive
A9: 3 | B9: Kelompok 4 | C9: Siti Mutmainah | D9: Afrizal Kusuma Wardana (244107020007) Andy Otani Dipo Yudho (244107020241) Fata Haidar Aly (244107020108) Siti Mutmainah (244107020143) | E9: EcoPlant AI | L9: =IF(COUNT(F9:K9)<6,"",SUMPRODUCT(F9:K9,$F$6:$K$6)/SUM($F$6:$K$6)/5*100) | N9: Buka tautan Drive
A10: 4 | B10: SRC | C10: Rakagali Resda Krisandi Putra | D10: Rakagali Resda Krisnandi P (244107020136) Aldi Surya Saputra (244107020184) Moch Rijal Dzaki R A (244107020240) Khoirul Umam Novalidi (244107020210) | E10: Smart Receipt Analyzer: Sistem analisis struk belanja (rekap pengeluaran dalam kategori belanja). | L10: =IF(COUNT(F10:K10)<6,"",SUMPRODUCT(F10:K10,$F$6:$K$6)/SUM($F$6:$K$6)/5*100) | N10: Buka tautan Drive
A11: 5 | B11: PBL KELOMPOK 2 CIHUY | C11: Fijriati Rahmatur Rizqi | D11: Ketua: Fijriati Rahmatur Rizqi | E11: BicaraIsyarat | L11: =IF(COUNT(F11:K11)<6,"",SUMPRODUCT(F11:K11,$F$6:$K$6)/SUM($F$6:$K$6)/5*100) | N11: Buka tautan Drive

Sheet Pembelajaran Mesin
A1: Penilaian Proposal - Pembelajaran Mesin
A2: Kelas TI_3C - Dosen Pengampu: Muhammad Afif Hendrawan., S.Kom., M.T. - Semester 5
A4: Penilaian Proposal per Tim (Nilai Kelompok)
A5: No | B5: Nama Tim | C5: Nama Ketua Tim | D5: Anggota Tim | E5: Judul Produk | F5: Latar Belakang dan Rumusan Masalah (20%) | G5: Deskripsi Produk dan Solusi (20%) | H5: Rancangan Teknis Awal (ERD dan Wireframe) (20%) | I5: Tujuan dan Ruang Lingkup Proyek (15%) | J5: Rencana Kerja dan Organisasi Tim (WBS, Jadwal, Pembagian Peran) (15%) | K5: Kelengkapan dan Kualitas Dokumen (Lampiran, Kerapian, Konsistensi Antar-bagian) (10%) | L5: Nilai Akhir | M5: Revisi | N5: Berkas Proposal
C6: Bobot -> | F6: 20 | G6: 20 | H6: 20 | I6: 15 | J6: 15 | K6: 10
A7: 1 | B7: Banana Grade | C7: Rachmad Aprisandhy | D7: Rachmad Aprisandhy (244107020148) Zacky Rio Orlando (244107020086) Hafiz Rizqi Hernanda (244107020154) Regita Abelia Putri Satriyo (244107020173) | E7: Deteksi Grading Buah Pisang Menggunakan Convulational Neural Network (Cnn)Berbasis Mobile | L7: =IF(COUNT(F7:K7)<6,"",SUMPRODUCT(F7:K7,$F$6:$K$6)/SUM($F$6:$K$6)/5*100) | N7: Buka tautan Drive
A8: 2 | B8: PBL Meat Freshness | C8: Nawaf Azril Annaufal | D8: Adellia Salsa Al Barra (244107020222) Bima Adiwijaya (244107020022) Nawaf Azril Annaufal (244107020047) Rafi Abyantara Pratama (244107020126) | E8: Meat Fresh AI | L8: =IF(COUNT(F8:K8)<6,"",SUMPRODUCT(F8:K8,$F$6:$K$6)/SUM($F$6:$K$6)/5*100) | N8: Buka tautan Drive
A9: 3 | B9: Kelompok 4 | C9: Siti Mutmainah | D9: Afrizal Kusuma Wardana (244107020007) Andy Otani Dipo Yudho (244107020241) Fata Haidar Aly (244107020108) Siti Mutmainah (244107020143) | E9: EcoPlant AI | L9: =IF(COUNT(F9:K9)<6,"",SUMPRODUCT(F9:K9,$F$6:$K$6)/SUM($F$6:$K$6)/5*100) | N9: Buka tautan Drive
A10: 4 | B10: SRC | C10: Rakagali Resda Krisandi Putra | D10: Rakagali Resda Krisnandi P (244107020136) Aldi Surya Saputra (244107020184) Moch Rijal Dzaki R A (244107020240) Khoirul Umam Novalidi (244107020210) | E10: Smart Receipt Analyzer: Sistem analisis struk belanja (rekap pengeluaran dalam kategori belanja). | L10: =IF(COUNT(F10:K10)<6,"",SUMPRODUCT(F10:K10,$F$6:$K$6)/SUM($F$6:$K$6)/5*100) | N10: Buka tautan Drive
A11: 5 | B11: PBL KELOMPOK 2 CIHUY | C11: Fijriati Rahmatur Rizqi | D11: Ketua: Fijriati Rahmatur Rizqi | E11: BicaraIsyarat | L11: =IF(COUNT(F11:K11)<6,"",SUMPRODUCT(F11:K11,$F$6:$K$6)/SUM($F$6:$K$6)/5*100) | N11: Buka tautan Drive

Sheet Penjaminan Mutu Perangkat Lunak
A1: Penilaian Proposal - Penjaminan Mutu Perangkat Lunak
A2: Kelas TI_3C - Dosen Pengampu: Dika Rizky Yunianto, S.Kom, M.Kom - Semester 5
A4: Penilaian Proposal per Tim (Nilai Kelompok)
A5: No | B5: Nama Tim | C5: Nama Ketua Tim | D5: Anggota Tim | E5: Judul Produk | F5: Latar Belakang dan Rumusan Masalah (20%) | G5: Deskripsi Produk dan Solusi (20%) | H5: Rancangan Teknis Awal (ERD dan Wireframe) (20%) | I5: Tujuan dan Ruang Lingkup Proyek (15%) | J5: Rencana Kerja dan Organisasi Tim (WBS, Jadwal, Pembagian Peran) (15%) | K5: Kelengkapan dan Kualitas Dokumen (Lampiran, Kerapian, Konsistensi Antar-bagian) (10%) | L5: Nilai Akhir | M5: Revisi | N5: Berkas Proposal
C6: Bobot -> | F6: 20 | G6: 20 | H6: 20 | I6: 15 | J6: 15 | K6: 10
A7: 1 | B7: Banana Grade | C7: Rachmad Aprisandhy | D7: Rachmad Aprisandhy (244107020148) Zacky Rio Orlando (244107020086) Hafiz Rizqi Hernanda (244107020154) Regita Abelia Putri Satriyo (244107020173) | E7: Deteksi Grading Buah Pisang Menggunakan Convulational Neural Network (Cnn)Berbasis Mobile | L7: =IF(COUNT(F7:K7)<6,"",SUMPRODUCT(F7:K7,$F$6:$K$6)/SUM($F$6:$K$6)/5*100) | N7: Buka tautan Drive
A8: 2 | B8: PBL Meat Freshness | C8: Nawaf Azril Annaufal | D8: Adellia Salsa Al Barra (244107020222) Bima Adiwijaya (244107020022) Nawaf Azril Annaufal (244107020047) Rafi Abyantara Pratama (244107020126) | E8: Meat Fresh AI | L8: =IF(COUNT(F8:K8)<6,"",SUMPRODUCT(F8:K8,$F$6:$K$6)/SUM($F$6:$K$6)/5*100) | N8: Buka tautan Drive
A9: 3 | B9: Kelompok 4 | C9: Siti Mutmainah | D9: Afrizal Kusuma Wardana (244107020007) Andy Otani Dipo Yudho (244107020241) Fata Haidar Aly (244107020108) Siti Mutmainah (244107020143) | E9: EcoPlant AI | L9: =IF(COUNT(F9:K9)<6,"",SUMPRODUCT(F9:K9,$F$6:$K$6)/SUM($F$6:$K$6)/5*100) | N9: Buka tautan Drive
A10: 4 | B10: SRC | C10: Rakagali Resda Krisandi Putra | D10: Rakagali Resda Krisnandi P (244107020136) Aldi Surya Saputra (244107020184) Moch Rijal Dzaki R A (244107020240) Khoirul Umam Novalidi (244107020210) | E10: Smart Receipt Analyzer: Sistem analisis struk belanja (rekap pengeluaran dalam kategori belanja). | L10: =IF(COUNT(F10:K10)<6,"",SUMPRODUCT(F10:K10,$F$6:$K$6)/SUM($F$6:$K$6)/5*100) | N10: Buka tautan Drive
A11: 5 | B11: PBL KELOMPOK 2 CIHUY | C11: Fijriati Rahmatur Rizqi | D11: Ketua: Fijriati Rahmatur Rizqi | E11: BicaraIsyarat | L11: =IF(COUNT(F11:K11)<6,"",SUMPRODUCT(F11:K11,$F$6:$K$6)/SUM($F$6:$K$6)/5*100) | N11: Buka tautan Drive

Sheet Rekap
A1: Rekap Nilai Proposal - Kelas TI_3C (Semua Dosen)
A2: Semester 5 - Checkpoint Proposal
A4: No | B4: Nama Tim | C4: Nama Ketua Tim | D4: Anggota Tim | E4: Judul Produk | F4: Nilai - Pemrograman Mobile | G4: Revisi - Pemrograman Mobile | H4: Nilai - Pembelajaran Mesin | I4: Revisi - Pembelajaran Mesin | J4: Nilai - Penjaminan Mutu Perangkat Lunak | K4: Revisi - Penjaminan Mutu Perangkat Lunak | L4: Nilai Rata-rata | M4: Berkas Proposal
A5: 1 | B5: Banana Grade | C5: Rachmad Aprisandhy | D5: ='Pemrograman Mobile'!D7 | E5: Deteksi Grading Buah Pisang Menggunakan Convulational Neural Network (Cnn)Berbasis Mobile | F5: ='Pemrograman Mobile'!L7 | G5: ='Pemrograman Mobile'!M7 | H5: ='Pembelajaran Mesin'!L7 | I5: ='Pembelajaran Mesin'!M7 | J5: ='Penjaminan Mutu Perangkat Lunak'!L7 | K5: ='Penjaminan Mutu Perangkat Lunak'!M7 | L5: =IFERROR(AVERAGE(F5,H5,J5),"") | M5: Buka tautan Drive
A6: 2 | B6: PBL Meat Freshness | C6: Nawaf Azril Annaufal | D6: ='Pemrograman Mobile'!D8 | E6: Meat Fresh AI | F6: ='Pemrograman Mobile'!L8 | G6: ='Pemrograman Mobile'!M8 | H6: ='Pembelajaran Mesin'!L8 | I6: ='Pembelajaran Mesin'!M8 | J6: ='Penjaminan Mutu Perangkat Lunak'!L8 | K6: ='Penjaminan Mutu Perangkat Lunak'!M8 | L6: =IFERROR(AVERAGE(F6,H6,J6),"") | M6: Buka tautan Drive
A7: 3 | B7: Kelompok 4 | C7: Siti Mutmainah | D7: ='Pemrograman Mobile'!D9 | E7: EcoPlant AI | F7: ='Pemrograman Mobile'!L9 | G7: ='Pemrograman Mobile'!M9 | H7: ='Pembelajaran Mesin'!L9 | I7: ='Pembelajaran Mesin'!M9 | J7: ='Penjaminan Mutu Perangkat Lunak'!L9 | K7: ='Penjaminan Mutu Perangkat Lunak'!M9 | L7: =IFERROR(AVERAGE(F7,H7,J7),"") | M7: Buka tautan Drive
A8: 4 | B8: SRC | C8: Rakagali Resda Krisandi Putra | D8: ='Pemrograman Mobile'!D10 | E8: Smart Receipt Analyzer: Sistem analisis struk belanja (rekap pengeluaran dalam kategori belanja). | F8: ='Pemrograman Mobile'!L10 | G8: ='Pemrograman Mobile'!M10 | H8: ='Pembelajaran Mesin'!L10 | I8: ='Pembelajaran Mesin'!M10 | J8: ='Penjaminan Mutu Perangkat Lunak'!L10 | K8: ='Penjaminan Mutu Perangkat Lunak'!M10 | L8: =IFERROR(AVERAGE(F8,H8,J8),"") | M8: Buka tautan Drive
A9: 5 | B9: PBL KELOMPOK 2 CIHUY | C9: Fijriati Rahmatur Rizqi | D9: ='Pemrograman Mobile'!D11 | E9: BicaraIsyarat | F9: ='Pemrograman Mobile'!L11 | G9: ='Pemrograman Mobile'!M11 | H9: ='Pembelajaran Mesin'!L11 | I9: ='Pembelajaran Mesin'!M11 | J9: ='Penjaminan Mutu Perangkat Lunak'!L11 | K9: ='Penjaminan Mutu Perangkat Lunak'!M11 | L9: =IFERROR(AVERAGE(F9,H9,J9),"") | M9: Buka tautan Drive
