Workbook

Sheet Petunjuk
A1: Rubrik Penilaian Proposal PBL - Kelas TI_2B
A2: Semester 3 - Checkpoint Proposal (Minggu 3)
A5: Latar belakang
A6: Rapat koordinasi PBL tanggal 4 September 2026 mewajibkan setiap mata kuliah terintegrasi PBL menyusun rubrik penilaian per checkpoint sendiri, dengan rubrik Proposal jatuh tempo pada Minggu 3. Hingga saat ini rubrik khusus per mata kuliah belum diserahkan, sehingga rubrik umum ini digunakan sebagai standar sementara yang berlaku sama untuk seluruh kelas.
A8: Setiap dosen menilai di sheet sendiri
A9: Kelas TI_2B diampu oleh 4 mata kuliah terintegrasi PBL: Manajemen Proyek, Desain & Pemrograman Web, Basis Data Lanjut, Sistem Informasi Manajemen. Setiap mata kuliah punya sheet penilaian sendiri (nama sheet = nama mata kuliah), sehingga setiap dosen pengampu dapat mengisi nilai secara independen dalam satu berkas yang sama tanpa saling menimpa isian dosen lain.
A11: Skala penilaian
A12: Setiap kriteria dinilai pada skala 1-5 (1 = sangat kurang, 5 = sangat baik) melalui dropdown pada sel yang berwarna kuning. Deskriptor lengkap setiap level ada di sheet "Rubrik".
A14: PENTING - penilaian hanya level kelompok
A15: Seluruh penilaian pada workbook ini berada di level TIM/KELOMPOK. Tidak ada penilaian individu pada tahap proposal, karena pada fase ini belum ada produk kerja individu yang bisa dinilai terpisah dari dokumen tim. Penilaian kontribusi individu mahasiswa sepenuhnya menjadi kewenangan dosen pengampu masing-masing mata kuliah pada checkpoint berikutnya (Milestone 1, Milestone 2, dan Final), menggunakan mekanisme yang mereka tentukan sendiri.
A17: Kolom Anggota Tim
A18: Formulir pengumpulan proposal tidak mengumpulkan daftar anggota tim secara terstruktur, hanya nama tim dan nama ketua tim. Kolom "Anggota Tim" sudah diisi awal dengan nama ketua dan berwarna kuning (bisa diedit) -- mohon lengkapi dengan anggota lain saat memeriksa proposal, mengacu pada bagian Identitas Tim di dokumen proposal masing-masing.
... A38: Biru -> sel komputasi (jangan diedit manual)

Sheet Rubrik
A1: Rubrik Penilaian Proposal (Umum, Berlaku Semua Kelas)
A3: No | B3: Kriteria | C3: Bobot (%) | D3: Level 1 | E3: Level 2 | F3: Level 3 | G3: Level 4 | H3: Level 5
A4: 1 | B4: Latar Belakang dan Rumusan Masalah | C4: 20 | D4: Tidak ada latar belakang yang jelas; masalah tidak diuraikan atau tidak berdasar pada kondisi nyata. | E4: Latar belakang disampaikan secara umum tanpa data/observasi pendukung; rumusan masalah kabur dan tidak spesifik. | F4: Latar belakang cukup relevan namun bukti pendukung (wawancara, data, observasi) masih terbatas; rumusan masalah ada namun kurang tajam. | G4: Latar belakang didukung bukti yang memadai dan relevan dengan calon pengguna/mitra; rumusan masalah spesifik dan menjadi dasar solusi yang diusulkan. | H4: Latar belakang digali mendalam dengan bukti kuat dan beragam (wawancara, data kuantitatif, observasi langsung); rumusan masalah tajam, terukur, dan meyakinkan sebagai dasar seluruh proposal.
A5: 2 | B5: Deskripsi Produk dan Solusi | C5: 20 | D5: Produk/solusi tidak dijelaskan, atau tidak berkaitan dengan masalah yang diangkat. | E5: Produk/solusi disebutkan secara umum tanpa penjelasan fitur atau cara kerja; keterkaitan dengan masalah lemah. | F5: Produk/solusi dan fitur utamanya dijelaskan, keterkaitan dengan masalah cukup jelas, namun nilai tambah dibanding pendekatan lain belum terlihat. | G5: Produk/solusi dijelaskan lengkap (fitur, cara kerja, pengguna sasaran) dan keterkaitannya dengan masalah kuat; nilai tambah solusi tergambar jelas. | H5: Produk/solusi dijelaskan lengkap dan meyakinkan, disertai alasan mengapa pendekatan ini paling sesuai dibanding alternatif lain, serta batasan solusi disampaikan secara jujur.
A6: 3 | B6: Rancangan Teknis Awal (ERD dan Wireframe) | C6: 20 | D6: Tidak ada rancangan teknis; ERD dan wireframe tidak dilampirkan. | E6: ERD atau wireframe dilampirkan namun sangat sederhana, tidak konsisten dengan deskripsi produk, atau salah satunya tidak ada. | F6: ERD dan wireframe tersedia dan konsisten dengan deskripsi produk, namun detail entitas/atribut atau alur antarmuka masih minim. | G6: ERD dan wireframe tersedia lengkap, konsisten dengan deskripsi produk, entitas/atribut/alur digambarkan dengan jelas. | H6: ERD dan wireframe tersedia lengkap, rapi, dan konsisten; relasi antarentitas serta alur antarmuka menunjukkan pemahaman teknis yang matang terhadap kebutuhan produk.
A7: 4 | B7: Tujuan dan Ruang Lingkup Proyek | C7: 15 | D7: Tujuan proyek tidak dirumuskan, atau ruang lingkup tidak disebutkan. | E7: Tujuan dirumuskan secara umum dan sulit diukur; batas ruang lingkup (yang dikerjakan/tidak dikerjakan) tidak jelas. | F7: Tujuan cukup jelas namun sebagian belum terukur; ruang lingkup disebutkan namun batasannya belum tegas. | G7: Tujuan dirumuskan jelas dan terukur, selaras dengan masalah dan solusi; ruang lingkup ditegaskan dengan batasan yang realistis. | H7: Tujuan dirumuskan jelas, terukur, dan selaras penuh dengan masalah/solusi; ruang lingkup ditegaskan dengan batasan realistis yang mempertimbangkan keterbatasan waktu/sumber daya tim.
A8: 5 | B8: Rencana Kerja dan Organisasi Tim (WBS, Jadwal, Pembagian Peran) | C8: 15 | D8: Tidak ada rencana kerja; WBS, jadwal, dan pembagian peran tidak dilampirkan. | E8: Rencana kerja disebutkan secara umum; WBS/jadwal/pembagian peran ada namun tidak rinci atau tidak realistis. | F8: WBS, jadwal, dan pembagian peran tersedia dan cukup jelas, namun keterkaitan antar-anggota tim dengan modul kerja belum tegas. | G8: WBS, jadwal, dan pembagian peran tersedia rinci dan realistis; setiap anggota tim memiliki tanggung jawab modul yang jelas. | H8: WBS, jadwal, dan pembagian peran tersedia rinci, realistis, dan saling konsisten; beban kerja antaranggota tim tergambar seimbang dan risiko keterlambatan diantisipasi.
A9: 6 | B9: Kelengkapan dan Kualitas Dokumen (Lampiran, Kerapian, Konsistensi Antar-bagian) | C9: 10 | D9: Dokumen tidak lengkap (bagian wajib hilang), format tidak rapi, dan/atau isi antar-bagian saling bertentangan. | E9: Dokumen memuat sebagian besar bagian wajib namun ada yang hilang/kurang lengkap; format dan konsistensi antar-bagian masih lemah. | F9: Dokumen lengkap secara struktur, format cukup rapi, namun ditemukan beberapa inkonsistensi kecil antar-bagian. | G9: Dokumen lengkap, rapi, dan konsisten antar-bagian, dengan lampiran pendukung yang relevan. | H9: Dokumen lengkap, rapi, dan konsisten penuh antar-bagian; lampiran pendukung relevan dan memperkuat argumen proposal secara keseluruhan.
B10: Total Bobot | C10: =SUM(C4:C9)

Sheet Manajemen Proyek
A1: Penilaian Proposal - Manajemen Proyek
A2: Kelas TI_2B - Dosen Pengampu: Pramana Yoga Saputra, S.Kom., MMT. - Semester 3
A4: Penilaian Proposal per Tim (Nilai Kelompok)
A5: No | B5: Nama Tim | C5: Nama Ketua Tim | D5: Anggota Tim | E5: Judul Produk | F5: Latar Belakang dan Rumusan Masalah (20%) | G5: Deskripsi Produk dan Solusi (20%) | H5: Rancangan Teknis Awal (ERD dan Wireframe) (20%) | I5: Tujuan dan Ruang Lingkup Proyek (15%) | J5: Rencana Kerja dan Organisasi Tim (WBS, Jadwal, Pembagian Peran) (15%) | K5: Kelengkapan dan Kualitas Dokumen (Lampiran, Kerapian, Konsistensi Antar-bagian) (10%) | L5: Nilai Akhir | M5: Revisi | N5: Berkas Proposal
C6: Bobot -> | F6: 20 | G6: 20 | H6: 20 | I6: 15 | J6: 15 | K6: 10
A7: 1 | B7: 2G2B | C7: Mukhammad Raffi Zabra | D7: Dandin Sesilia (254107020142) Muhammad Ridwan A (254107020187) Mukhammad Raffi Zabra (254107020059) Naura Fadhilla Aditya P (254107020007) | E7: SITEMAN -KOS (Sistem Manajemen Operasional Kos) | L7: =IF(COUNT(F7:K7)<6,"",SUMPRODUCT(F7:K7,$F$6:$K$6)/SUM($F$6:$K$6)/5*100) | N7: Buka tautan Drive
A8: 2 | B8: kePASTIan | C8: Rayana Jaka Surya | D8: Ketua: Rayana Jaka Surya | E8: PASTI: Pusat Manajemen Servis dan Teknologi Informasi | L8: =IF(COUNT(F8:K8)<6,"",SUMPRODUCT(F8:K8,$F$6:$K$6)/SUM($F$6:$K$6)/5*100) | N8: Buka tautan Drive
A9: 3 | B9: KREANOVA | C9: Khohar Muhammad Fatahurrohman | D9: Khohar Muhammad Fatahurrohman (254107020021) Jiada Mizan Firdaus (254107020190) Dionisius Dimas Nanda Karyanto (254107020094) M. Tahtian Fahreza (254107020053) | E9: FASTENDER | L9: =IF(COUNT(F9:K9)<6,"",SUMPRODUCT(F9:K9,$F$6:$K$6)/SUM($F$6:$K$6)/5*100) | N9: Buka tautan Drive
A10: 4 | B10: Tim Berbagi Adil | C10: RAYHAN JOFAN HALIM | D10: Rayhan Jofan Halim (254107020230) M. Ihsan Nabil (254107020196) Elsa Marthalinda (254107020204) M.Fakhrur Rozi Nur (254107020207) | E10: FAIRSHARE: SISTEM PEMANTAUAN KONTRIBUSI DAN AUDIT TRANSPARANSI KERJA KOLABORATIF BERBASIS TELEMETRI DOKUMEN DAN REPOSITORI KODE | L10: =IF(COUNT(F10:K10)<6,"",SUMPRODUCT(F10:K10,$F$6:$K$6)/SUM($F$6:$K$6)/5*100) | N10: Buka tautan Drive
A11: 5 | B11: 404: Sleep Not Found | C11: Ahmad Rafid Riqkullah | D11: Ahmad Rafid Riqkullah (254107020078) I Gusti Agung Timothy P.A.P (254107020157) Inas Asami El Murtadho (254107020165) Muhammad Toriq Januarsyah (254107020075) | E11: SI-DRIPP (Sistem Informasi Pendataan Stok dan Transaksi MKP Store) | L11: =IF(COUNT(F11:K11)<6,"",SUMPRODUCT(F11:K11,$F$6:$K$6)/SUM($F$6:$K$6)/5*100) | N11: Buka tautan Drive
A12: 6 | B12: 2B-Kelompok 5 | C12: Christian Nugraha Widyawan | D12: Christian Nugraha Widyawan (254107020089) Senja Bayu Windiya (254107020061) Adis Nayottama Indra Zaki (254107020044) Rajwa Ega Ganeswara (254107020205) | E12: SISTEM INFORMASI MANAJEMEN RENTAL KAMERA DAN PERALATAN FOTOGRAFI CARMENT (CAMERA RENT AND EQUIPMENT) | L12: =IF(COUNT(F12:K12)<6,"",SUMPRODUCT(F12:K12,$F$6:$K$6)/SUM($F$6:$K$6)/5*100) | N12: Buka tautan Drive
A13: 7 | B13: 2B Kelompok 7 | C13: Zhafran Adya Sullu Abimata | D13: Ahmad Risal Ali Pasha (254107020146) Rofiq Aristiyawan (254107020060) Syaikhan Agil El Dzaky (254107020131) Zhafran Adya Sullu Abimata (254107020111) | E13: SIMART: Sistem Informasi Manajemen Rumah Budaya Ratna | L13: =IF(COUNT(F13:K13)<6,"",SUMPRODUCT(F13:K13,$F$6:$K$6)/SUM($F$6:$K$6)/5*100) | N13: Buka tautan Drive

Sheet Desain & Pemrograman Web
A1: Penilaian Proposal - Desain & Pemrograman Web
A2: Kelas TI_2B - Dosen Pengampu: Muhammad Unggul Pamenang, S.St., M.T. - Semester 3
A4: Penilaian Proposal per Tim (Nilai Kelompok)
A5: No | B5: Nama Tim | C5: Nama Ketua Tim | D5: Anggota Tim | E5: Judul Produk | F5: Latar Belakang dan Rumusan Masalah (20%) | G5: Deskripsi Produk dan Solusi (20%) | H5: Rancangan Teknis Awal (ERD dan Wireframe) (20%) | I5: Tujuan dan Ruang Lingkup Proyek (15%) | J5: Rencana Kerja dan Organisasi Tim (WBS, Jadwal, Pembagian Peran) (15%) | K5: Kelengkapan dan Kualitas Dokumen (Lampiran, Kerapian, Konsistensi Antar-bagian) (10%) | L5: Nilai Akhir | M5: Revisi | N5: Berkas Proposal
C6: Bobot -> | F6: 20 | G6: 20 | H6: 20 | I6: 15 | J6: 15 | K6: 10
A7: 1 | B7: 2G2B | C7: Mukhammad Raffi Zabra | D7: Dandin Sesilia (254107020142) Muhammad Ridwan A (254107020187) Mukhammad Raffi Zabra (254107020059) Naura Fadhilla Aditya P (254107020007) | E7: SITEMAN -KOS (Sistem Manajemen Operasional Kos) | L7: =IF(COUNT(F7:K7)<6,"",SUMPRODUCT(F7:K7,$F$6:$K$6)/SUM($F$6:$K$6)/5*100) | N7: Buka tautan Drive
A8: 2 | B8: kePASTIan | C8: Rayana Jaka Surya | D8: Ketua: Rayana Jaka Surya | E8: PASTI: Pusat Manajemen Servis dan Teknologi Informasi | L8: =IF(COUNT(F8:K8)<6,"",SUMPRODUCT(F8:K8,$F$6:$K$6)/SUM($F$6:$K$6)/5*100) | N8: Buka tautan Drive
A9: 3 | B9: KREANOVA | C9: Khohar Muhammad Fatahurrohman | D9: Khohar Muhammad Fatahurrohman (254107020021) Jiada Mizan Firdaus (254107020190) Dionisius Dimas Nanda Karyanto (254107020094) M. Tahtian Fahreza (254107020053) | E9: FASTENDER | L9: =IF(COUNT(F9:K9)<6,"",SUMPRODUCT(F9:K9,$F$6:$K$6)/SUM($F$6:$K$6)/5*100) | N9: Buka tautan Drive
A10: 4 | B10: Tim Berbagi Adil | C10: RAYHAN JOFAN HALIM | D10: Rayhan Jofan Halim (254107020230) M. Ihsan Nabil (254107020196) Elsa Marthalinda (254107020204) M.Fakhrur Rozi Nur (254107020207) | E10: FAIRSHARE: SISTEM PEMANTAUAN KONTRIBUSI DAN AUDIT TRANSPARANSI KERJA KOLABORATIF BERBASIS TELEMETRI DOKUMEN DAN REPOSITORI KODE | L10: =IF(COUNT(F10:K10)<6,"",SUMPRODUCT(F10:K10,$F$6:$K$6)/SUM($F$6:$K$6)/5*100) | N10: Buka tautan Drive
A11: 5 | B11: 404: Sleep Not Found | C11: Ahmad Rafid Riqkullah | D11: Ahmad Rafid Riqkullah (254107020078) I Gusti Agung Timothy P.A.P (254107020157) Inas Asami El Murtadho (254107020165) Muhammad Toriq Januarsyah (254107020075) | E11: SI-DRIPP (Sistem Informasi Pendataan Stok dan Transaksi MKP Store) | L11: =IF(COUNT(F11:K11)<6,"",SUMPRODUCT(F11:K11,$F$6:$K$6)/SUM($F$6:$K$6)/5*100) | N11: Buka tautan Drive
A12: 6 | B12: 2B-Kelompok 5 | C12: Christian Nugraha Widyawan | D12: Christian Nugraha Widyawan (254107020089) Senja Bayu Windiya (254107020061) Adis Nayottama Indra Zaki (254107020044) Rajwa Ega Ganeswara (254107020205) | E12: SISTEM INFORMASI MANAJEMEN RENTAL KAMERA DAN PERALATAN FOTOGRAFI CARMENT (CAMERA RENT AND EQUIPMENT) | L12: =IF(COUNT(F12:K12)<6,"",SUMPRODUCT(F12:K12,$F$6:$K$6)/SUM($F$6:$K$6)/5*100) | N12: Buka tautan Drive
A13: 7 | B13: 2B Kelompok 7 | C13: Zhafran Adya Sullu Abimata | D13: Ahmad Risal Ali Pasha (254107020146) Rofiq Aristiyawan (254107020060) Syaikhan Agil El Dzaky (254107020131) Zhafran Adya Sullu Abimata (254107020111) | E13: SIMART: Sistem Informasi Manajemen Rumah Budaya Ratna | L13: =IF(COUNT(F13:K13)<6,"",SUMPRODUCT(F13:K13,$F$6:$K$6)/SUM($F$6:$K$6)/5*100) | N13: Buka tautan Drive

Sheet Basis Data Lanjut
A1: Penilaian Proposal - Basis Data Lanjut
A2: Kelas TI_2B - Dosen Pengampu: Candra Bella Vista, S.Kom., MT. - Semester 3
A4: Penilaian Proposal per Tim (Nilai Kelompok)
A5: No | B5: Nama Tim | C5: Nama Ketua Tim | D5: Anggota Tim | E5: Judul Produk | F5: Latar Belakang dan Rumusan Masalah (20%) | G5: Deskripsi Produk dan Solusi (20%) | H5: Rancangan Teknis Awal (ERD dan Wireframe) (20%) | I5: Tujuan dan Ruang Lingkup Proyek (15%) | J5: Rencana Kerja dan Organisasi Tim (WBS, Jadwal, Pembagian Peran) (15%) | K5: Kelengkapan dan Kualitas Dokumen (Lampiran, Kerapian, Konsistensi Antar-bagian) (10%) | L5: Nilai Akhir | M5: Revisi | N5: Berkas Proposal
C6: Bobot -> | F6: 20 | G6: 20 | H6: 20 | I6: 15 | J6: 15 | K6: 10
A7: 1 | B7: 2G2B | C7: Mukhammad Raffi Zabra | D7: Dandin Sesilia (254107020142) Muhammad Ridwan A (254107020187) Mukhammad Raffi Zabra (254107020059) Naura Fadhilla Aditya P (254107020007) | E7: SITEMAN -KOS (Sistem Manajemen Operasional Kos) | L7: =IF(COUNT(F7:K7)<6,"",SUMPRODUCT(F7:K7,$F$6:$K$6)/SUM($F$6:$K$6)/5*100) | N7: Buka tautan Drive
A8: 2 | B8: kePASTIan | C8: Rayana Jaka Surya | D8: Ketua: Rayana Jaka Surya | E8: PASTI: Pusat Manajemen Servis dan Teknologi Informasi | L8: =IF(COUNT(F8:K8)<6,"",SUMPRODUCT(F8:K8,$F$6:$K$6)/SUM($F$6:$K$6)/5*100) | N8: Buka tautan Drive
A9: 3 | B9: KREANOVA | C9: Khohar Muhammad Fatahurrohman | D9: Khohar Muhammad Fatahurrohman (254107020021) Jiada Mizan Firdaus (254107020190) Dionisius Dimas Nanda Karyanto (254107020094) M. Tahtian Fahreza (254107020053) | E9: FASTENDER | L9: =IF(COUNT(F9:K9)<6,"",SUMPRODUCT(F9:K9,$F$6:$K$6)/SUM($F$6:$K$6)/5*100) | N9: Buka tautan Drive
A10: 4 | B10: Tim Berbagi Adil | C10: RAYHAN JOFAN HALIM | D10: Rayhan Jofan Halim (254107020230) M. Ihsan Nabil (254107020196) Elsa Marthalinda (254107020204) M.Fakhrur Rozi Nur (254107020207) | E10: FAIRSHARE: SISTEM PEMANTAUAN KONTRIBUSI DAN AUDIT TRANSPARANSI KERJA KOLABORATIF BERBASIS TELEMETRI DOKUMEN DAN REPOSITORI KODE | L10: =IF(COUNT(F10:K10)<6,"",SUMPRODUCT(F10:K10,$F$6:$K$6)/SUM($F$6:$K$6)/5*100) | N10: Buka tautan Drive
A11: 5 | B11: 404: Sleep Not Found | C11: Ahmad Rafid Riqkullah | D11: Ahmad Rafid Riqkullah (254107020078) I Gusti Agung Timothy P.A.P (254107020157) Inas Asami El Murtadho (254107020165) Muhammad Toriq Januarsyah (254107020075) | E11: SI-DRIPP (Sistem Informasi Pendataan Stok dan Transaksi MKP Store) | L11: =IF(COUNT(F11:K11)<6,"",SUMPRODUCT(F11:K11,$F$6:$K$6)/SUM($F$6:$K$6)/5*100) | N11: Buka tautan Drive
A12: 6 | B12: 2B-Kelompok 5 | C12: Christian Nugraha Widyawan | D12: Christian Nugraha Widyawan (254107020089) Senja Bayu Windiya (254107020061) Adis Nayottama Indra Zaki (254107020044) Rajwa Ega Ganeswara (254107020205) | E12: SISTEM INFORMASI MANAJEMEN RENTAL KAMERA DAN PERALATAN FOTOGRAFI CARMENT (CAMERA RENT AND EQUIPMENT) | L12: =IF(COUNT(F12:K12)<6,"",SUMPRODUCT(F12:K12,$F$6:$K$6)/SUM($F$6:$K$6)/5*100) | N12: Buka tautan Drive
A13: 7 | B13: 2B Kelompok 7 | C13: Zhafran Adya Sullu Abimata | D13: Ahmad Risal Ali Pasha (254107020146) Rofiq Aristiyawan (254107020060) Syaikhan Agil El Dzaky (254107020131) Zhafran Adya Sullu Abimata (254107020111) | E13: SIMART: Sistem Informasi Manajemen Rumah Budaya Ratna | L13: =IF(COUNT(F13:K13)<6,"",SUMPRODUCT(F13:K13,$F$6:$K$6)/SUM($F$6:$K$6)/5*100) | N13: Buka tautan Drive

Sheet Sistem Informasi Manajemen
A1: Penilaian Proposal - Sistem Informasi Manajemen
A2: Kelas TI_2B - Dosen Pengampu: Retno Damayanti, S.Pd., M.T. - Semester 3
A4: Penilaian Proposal per Tim (Nilai Kelompok)
A5: No | B5: Nama Tim | C5: Nama Ketua Tim | D5: Anggota Tim | E5: Judul Produk | F5: Latar Belakang dan Rumusan Masalah (20%) | G5: Deskripsi Produk dan Solusi (20%) | H5: Rancangan Teknis Awal (ERD dan Wireframe) (20%) | I5: Tujuan dan Ruang Lingkup Proyek (15%) | J5: Rencana Kerja dan Organisasi Tim (WBS, Jadwal, Pembagian Peran) (15%) | K5: Kelengkapan dan Kualitas Dokumen (Lampiran, Kerapian, Konsistensi Antar-bagian) (10%) | L5: Nilai Akhir | M5: Revisi | N5: Berkas Proposal
C6: Bobot -> | F6: 20 | G6: 20 | H6: 20 | I6: 15 | J6: 15 | K6: 10
A7: 1 | B7: 2G2B | C7: Mukhammad Raffi Zabra | D7: Dandin Sesilia (254107020142) Muhammad Ridwan A (254107020187) Mukhammad Raffi Zabra (254107020059) Naura Fadhilla Aditya P (254107020007) | E7: SITEMAN -KOS (Sistem Manajemen Operasional Kos) | L7: =IF(COUNT(F7:K7)<6,"",SUMPRODUCT(F7:K7,$F$6:$K$6)/SUM($F$6:$K$6)/5*100) | N7: Buka tautan Drive
A8: 2 | B8: kePASTIan | C8: Rayana Jaka Surya | D8: Ketua: Rayana Jaka Surya | E8: PASTI: Pusat Manajemen Servis dan Teknologi Informasi | L8: =IF(COUNT(F8:K8)<6,"",SUMPRODUCT(F8:K8,$F$6:$K$6)/SUM($F$6:$K$6)/5*100) | N8: Buka tautan Drive
A9: 3 | B9: KREANOVA | C9: Khohar Muhammad Fatahurrohman | D9: Khohar Muhammad Fatahurrohman (254107020021) Jiada Mizan Firdaus (254107020190) Dionisius Dimas Nanda Karyanto (254107020094) M. Tahtian Fahreza (254107020053) | E9: FASTENDER | L9: =IF(COUNT(F9:K9)<6,"",SUMPRODUCT(F9:K9,$F$6:$K$6)/SUM($F$6:$K$6)/5*100) | N9: Buka tautan Drive
A10: 4 | B10: Tim Berbagi Adil | C10: RAYHAN JOFAN HALIM | D10: Rayhan Jofan Halim (254107020230) M. Ihsan Nabil (254107020196) Elsa Marthalinda (254107020204) M.Fakhrur Rozi Nur (254107020207) | E10: FAIRSHARE: SISTEM PEMANTAUAN KONTRIBUSI DAN AUDIT TRANSPARANSI KERJA KOLABORATIF BERBASIS TELEMETRI DOKUMEN DAN REPOSITORI KODE | L10: =IF(COUNT(F10:K10)<6,"",SUMPRODUCT(F10:K10,$F$6:$K$6)/SUM($F$6:$K$6)/5*100) | N10: Buka tautan Drive
A11: 5 | B11: 404: Sleep Not Found | C11: Ahmad Rafid Riqkullah | D11: Ahmad Rafid Riqkullah (254107020078) I Gusti Agung Timothy P.A.P (254107020157) Inas Asami El Murtadho (254107020165) Muhammad Toriq Januarsyah (254107020075) | E11: SI-DRIPP (Sistem Informasi Pendataan Stok dan Transaksi MKP Store) | L11: =IF(COUNT(F11:K11)<6,"",SUMPRODUCT(F11:K11,$F$6:$K$6)/SUM($F$6:$K$6)/5*100) | N11: Buka tautan Drive
A12: 6 | B12: 2B-Kelompok 5 | C12: Christian Nugraha Widyawan | D12: Christian Nugraha Widyawan (254107020089) Senja Bayu Windiya (254107020061) Adis Nayottama Indra Zaki (254107020044) Rajwa Ega Ganeswara (254107020205) | E12: SISTEM INFORMASI MANAJEMEN RENTAL KAMERA DAN PERALATAN FOTOGRAFI CARMENT (CAMERA RENT AND EQUIPMENT) | L12: =IF(COUNT(F12:K12)<6,"",SUMPRODUCT(F12:K12,$F$6:$K$6)/SUM($F$6:$K$6)/5*100) | N12: Buka tautan Drive
A13: 7 | B13: 2B Kelompok 7 | C13: Zhafran Adya Sullu Abimata | D13: Ahmad Risal Ali Pasha (254107020146) Rofiq Aristiyawan (254107020060) Syaikhan Agil El Dzaky (254107020131) Zhafran Adya Sullu Abimata (254107020111) | E13: SIMART: Sistem Informasi Manajemen Rumah Budaya Ratna | L13: =IF(COUNT(F13:K13)<6,"",SUMPRODUCT(F13:K13,$F$6:$K$6)/SUM($F$6:$K$6)/5*100) | N13: Buka tautan Drive

Sheet Rekap
A1: Rekap Nilai Proposal - Kelas TI_2B (Semua Dosen)
A2: Semester 3 - Checkpoint Proposal
A4: No | B4: Nama Tim | C4: Nama Ketua Tim | D4: Anggota Tim | E4: Judul Produk | F4: Nilai - Manajemen Proyek | G4: Revisi - Manajemen Proyek | H4: Nilai - Desain & Pemrograman Web | I4: Revisi - Desain & Pemrograman Web | J4: Nilai - Basis Data Lanjut | K4: Revisi - Basis Data Lanjut | L4: Nilai - Sistem Informasi Manajemen | M4: Revisi - Sistem Informasi Manajemen | N4: Nilai Rata-rata | O4: Berkas Proposal
A5: 1 | B5: 2G2B | C5: Mukhammad Raffi Zabra | D5: ='Manajemen Proyek'!D7 | E5: SITEMAN -KOS (Sistem Manajemen Operasional Kos) | F5: ='Manajemen Proyek'!L7 | G5: ='Manajemen Proyek'!M7 | H5: ='Desain & Pemrograman Web'!L7 | I5: ='Desain & Pemrograman Web'!M7 | J5: ='Basis Data Lanjut'!L7 | K5: ='Basis Data Lanjut'!M7 | L5: ='Sistem Informasi Manajemen'!L7 | M5: ='Sistem Informasi Manajemen'!M7 | N5: =IFERROR(AVERAGE(F5,H5,J5,L5),"") | O5: Buka tautan Drive
A6: 2 | B6: kePASTIan | C6: Rayana Jaka Surya | D6: ='Manajemen Proyek'!D8 | E6: PASTI: Pusat Manajemen Servis dan Teknologi Informasi | F6: ='Manajemen Proyek'!L8 | G6: ='Manajemen Proyek'!M8 | H6: ='Desain & Pemrograman Web'!L8 | I6: ='Desain & Pemrograman Web'!M8 | J6: ='Basis Data Lanjut'!L8 | K6: ='Basis Data Lanjut'!M8 | L6: ='Sistem Informasi Manajemen'!L8 | M6: ='Sistem Informasi Manajemen'!M8 | N6: =IFERROR(AVERAGE(F6,H6,J6,L6),"") | O6: Buka tautan Drive
A7: 3 | B7: KREANOVA | C7: Khohar Muhammad Fatahurrohman | D7: ='Manajemen Proyek'!D9 | E7: FASTENDER | F7: ='Manajemen Proyek'!L9 | G7: ='Manajemen Proyek'!M9 | H7: ='Desain & Pemrograman Web'!L9 | I7: ='Desain & Pemrograman Web'!M9 | J7: ='Basis Data Lanjut'!L9 | K7: ='Basis Data Lanjut'!M9 | L7: ='Sistem Informasi Manajemen'!L9 | M7: ='Sistem Informasi Manajemen'!M9 | N7: =IFERROR(AVERAGE(F7,H7,J7,L7),"") | O7: Buka tautan Drive
A8: 4 | B8: Tim Berbagi Adil | C8: RAYHAN JOFAN HALIM | D8: ='Manajemen Proyek'!D10 | E8: FAIRSHARE: SISTEM PEMANTAUAN KONTRIBUSI DAN AUDIT TRANSPARANSI KERJA KOLABORATIF BERBASIS TELEMETRI DOKUMEN DAN REPOSITORI KODE | F8: ='Manajemen Proyek'!L10 | G8: ='Manajemen Proyek'!M10 | H8: ='Desain & Pemrograman Web'!L10 | I8: ='Desain & Pemrograman Web'!M10 | J8: ='Basis Data Lanjut'!L10 | K8: ='Basis Data Lanjut'!M10 | L8: ='Sistem Informasi Manajemen'!L10 | M8: ='Sistem Informasi Manajemen'!M10 | N8: =IFERROR(AVERAGE(F8,H8,J8,L8),"") | O8: Buka tautan Drive
A9: 5 | B9: 404: Sleep Not Found | C9: Ahmad Rafid Riqkullah | D9: ='Manajemen Proyek'!D11 | E9: SI-DRIPP (Sistem Informasi Pendataan Stok dan Transaksi MKP Store) | F9: ='Manajemen Proyek'!L11 | G9: ='Manajemen Proyek'!M11 | H9: ='Desain & Pemrograman Web'!L11 | I9: ='Desain & Pemrograman Web'!M11 | J9: ='Basis Data Lanjut'!L11 | K9: ='Basis Data Lanjut'!M11 | L9: ='Sistem Informasi Manajemen'!L11 | M9: ='Sistem Informasi Manajemen'!M11 | N9: =IFERROR(AVERAGE(F9,H9,J9,L9),"") | O9: Buka tautan Drive
A10: 6 | B10: 2B-Kelompok 5 | C10: Christian Nugraha Widyawan | D10: ='Manajemen Proyek'!D12 | E10: SISTEM INFORMASI MANAJEMEN RENTAL KAMERA DAN PERALATAN FOTOGRAFI CARMENT (CAMERA RENT AND EQUIPMENT) | F10: ='Manajemen Proyek'!L12 | G10: ='Manajemen Proyek'!M12 | H10: ='Desain & Pemrograman Web'!L12 | I10: ='Desain & Pemrograman Web'!M12 | J10: ='Basis Data Lanjut'!L12 | K10: ='Basis Data Lanjut'!M12 | L10: ='Sistem Informasi Manajemen'!L12 | M10: ='Sistem Informasi Manajemen'!M12 | N10: =IFERROR(AVERAGE(F10,H10,J10,L10),"") | O10: Buka tautan Drive
A11: 7 | B11: 2B Kelompok 7 | C11: Zhafran Adya Sullu Abimata | D11: ='Manajemen Proyek'!D13 | E11: SIMART: Sistem Informasi Manajemen Rumah Budaya Ratna | F11: ='Manajemen Proyek'!L13 | G11: ='Manajemen Proyek'!M13 | H11: ='Desain & Pemrograman Web'!L13 | I11: ='Desain & Pemrograman Web'!M13 | J11: ='Basis Data Lanjut'!L13 | K11: ='Basis Data Lanjut'!M13 | L11: ='Sistem Informasi Manajemen'!L13 | M11: ='Sistem Informasi Manajemen'!M13 | N11: =IFERROR(AVERAGE(F11,H11,J11,L11),"") | O11: Buka tautan Drive
